image,ILS_um
Tile_001-001-000_0.tif,0.3076171
Tile_001-002-000_0.tif,0.28564445
Tile_001-003-000_0.tif,0.28564445
Tile_001-004-000_0.tif,0.28564445
Tile_001-005-000_0.tif,0.3076171
Tile_001-006-000_0.tif,0.3076171
Tile_001-007-000_0.tif,0.3076171
Tile_001-008-000_0.tif,0.3076171
Tile_001-009-000_0.tif,0.3076171
Tile_001-010-000_0.tif,0.28564445
Tile_001-011-000_0.tif,0.28564445
Tile_001-012-000_0.tif,0.3076171
Tile_001-013-000_0.tif,0.3076171
Tile_001-014-000_0.tif,0.3076171
Tile_001-015-000_0.tif,0.3076171
Tile_001-016-000_0.tif,0.3076171
Tile_001-017-000_0.tif,0.3076171
Tile_001-018-000_0.tif,0.3076171
Tile_001-019-000_0.tif,0.3076171
Tile_001-020-000_0.tif,0.3076171
Tile_001-021-000_0.tif,0.3076171
Tile_001-022-000_0.tif,0.3076171
Tile_001-023-000_0.tif,0.3076171
Tile_001-024-000_0.tif,0.3076171
Tile_001-025-000_0.tif,0.3076171
Tile_001-026-000_0.tif,0.3076171
Tile_001-027-000_0.tif,0.32958975
Tile_001-028-000_0.tif,0.32958975
Tile_001-029-000_0.tif,0.32958975
Tile_001-030-000_0.tif,0.32958975
Tile_001-031-000_0.tif,0.32958975
Tile_001-032-000_0.tif,0.3515624
Tile_001-033-000_0.tif,0.3515624
Tile_001-034-000_0.tif,0.32958975
Tile_001-035-000_0.tif,0.3515624
Tile_001-036-000_0.tif,0.37353505
Tile_001-037-000_0.tif,0.3515624
Tile_001-038-000_0.tif,0.37353505
Tile_001-039-000_0.tif,0.3515624
Tile_001-040-000_0.tif,0.32958975
Tile_001-041-000_0.tif,0.32958975
Tile_001-042-000_0.tif,0.32958975
Tile_001-043-000_0.tif,0.3076171
Tile_001-044-000_0.tif,0.3076171
Tile_001-045-000_0.tif,0.3076171
Tile_001-046-000_0.tif,0.3076171
Tile_001-047-000_0.tif,0.28564445
Tile_001-048-000_0.tif,0.3076171
Tile_001-049-000_0.tif,0.3076171
Tile_001-050-000_0.tif,0.3076171
Tile_001-051-000_0.tif,0.3076171
Tile_001-052-000_0.tif,0.3076171
Tile_001-053-000_0.tif,0.28564445
Tile_001-054-000_0.tif,0.3076171
Tile_001-055-000_0.tif,0.3076171
Tile_001-056-000_0.tif,0.3076171
Tile_001-057-000_0.tif,0.3076171
Tile_001-058-000_0.tif,0.3076171
Tile_001-059-000_0.tif,0.3076171
Tile_001-060-000_0.tif,0.3076171
Tile_001-061-000_0.tif,0.3076171
Tile_001-062-000_0.tif,0.3076171
Tile_001-063-000_0.tif,0.3076171
Tile_001-064-000_0.tif,0.3076171
Tile_001-065-000_0.tif,0.3076171
Tile_001-066-000_0.tif,0.3076171
Tile_001-067-000_0.tif,0.3076171
Tile_001-068-000_0.tif,0.3076171
Tile_001-069-000_0.tif,0.32958975
Tile_001-070-000_0.tif,0.32958975
Tile_001-071-000_0.tif,0.3515624
Tile_001-072-000_0.tif,0.3515624
Tile_001-073-000_0.tif,0.3515624
Tile_001-074-000_0.tif,0.37353505
Tile_001-075-000_0.tif,0.37353505
Tile_001-076-000_0.tif,0.3515624
Tile_001-077-000_0.tif,0.3515624
Tile_001-078-000_0.tif,0.3515624
Tile_001-079-000_0.tif,0.3515624
Tile_001-080-000_0.tif,0.32958975
Tile_001-081-000_0.tif,0.32958975
Tile_001-082-000_0.tif,0.32958975
Tile_001-083-000_0.tif,0.3076171
Tile_001-084-000_0.tif,0.32958975
Tile_001-085-000_0.tif,0.3076171
Tile_001-086-000_0.tif,0.3076171
Tile_001-087-000_0.tif,0.3076171
Tile_001-088-000_0.tif,0.3076171
Tile_001-089-000_0.tif,0.3076171
Tile_001-090-000_0.tif,0.3076171
Tile_001-091-000_0.tif,0.3076171
Tile_001-092-000_0.tif,0.3076171
Tile_001-093-000_0.tif,0.3076171
Tile_001-094-000_0.tif,0.3076171
Tile_001-095-000_0.tif,0.3076171
Tile_001-096-000_0.tif,0.32958975
Tile_001-097-000_0.tif,0.32958975
Tile_001-098-000_0.tif,0.3076171
Tile_001-099-000_0.tif,0.32958975
Tile_001-100-000_0.tif,0.3076171
Tile_001-101-000_0.tif,0.32958975
Tile_001-102-000_0.tif,0.32958975
Tile_001-103-000_0.tif,0.32958975
Tile_001-104-000_0.tif,0.32958975
Tile_001-105-000_0.tif,0.3515624
Tile_001-106-000_0.tif,0.32958975
Tile_001-107-000_0.tif,0.32958975
Tile_001-108-000_0.tif,0.32958975
Tile_001-109-000_0.tif,0.32958975
Tile_001-110-000_0.tif,0.3076171
Tile_001-111-000_0.tif,0.28564445
Tile_001-112-000_0.tif,0.28564445
Tile_001-113-000_0.tif,0.3076171
Tile_001-114-000_0.tif,0.3076171
Tile_001-115-000_0.tif,0.28564445
Tile_001-116-000_0.tif,0.28564445
Tile_001-117-000_0.tif,0.28564445
Tile_001-118-000_0.tif,0.28564445
Tile_001-119-000_0.tif,0.28564445
Tile_001-120-000_0.tif,0.28564445
Tile_001-121-000_0.tif,0.3076171
Tile_001-122-000_0.tif,0.3076171
Tile_001-123-000_0.tif,0.3076171
Tile_001-124-000_0.tif,0.3076171
Tile_001-125-000_0.tif,0.3076171
Tile_001-126-000_0.tif,0.3076171
Tile_001-127-000_0.tif,0.3076171
Tile_001-128-000_0.tif,0.3076171
Tile_001-129-000_0.tif,0.28564445
Tile_001-130-000_0.tif,0.28564445
Tile_001-131-000_0.tif,0.3076171
Tile_001-132-000_0.tif,0.3076171
Tile_001-133-000_0.tif,0.3076171
Tile_001-134-000_0.tif,0.3076171
Tile_001-135-000_0.tif,0.3076171
Tile_001-136-000_0.tif,0.28564445
Tile_001-137-000_0.tif,0.3076171
Tile_001-138-000_0.tif,0.3076171
Tile_001-139-000_0.tif,0.3076171
Tile_001-140-000_0.tif,0.3076171
Tile_001-141-000_0.tif,0.3076171
Tile_001-142-000_0.tif,0.3076171
Tile_001-143-000_0.tif,0.3076171
Tile_001-144-000_0.tif,0.32958975
Tile_001-145-000_0.tif,0.32958975
Tile_001-146-000_0.tif,0.32958975
Tile_001-147-000_0.tif,0.32958975
Tile_001-148-000_0.tif,0.3076171
Tile_001-149-000_0.tif,0.3076171
Tile_001-150-000_0.tif,0.3076171
Tile_001-151-000_0.tif,0.3076171
Tile_001-152-000_0.tif,0.32958975
Tile_001-153-000_0.tif,0.32958975
Tile_001-154-000_0.tif,0.32958975
Tile_001-155-000_0.tif,0.32958975
Tile_001-156-000_0.tif,0.32958975
Tile_001-157-000_0.tif,0.32958975
Tile_001-158-000_0.tif,0.32958975
Tile_001-159-000_0.tif,0.32958975
Tile_001-160-000_0.tif,0.32958975
Tile_001-161-000_0.tif,0.32958975
Tile_001-162-000_0.tif,0.32958975
Tile_001-163-000_0.tif,0.32958975
Tile_001-164-000_0.tif,0.32958975
Tile_001-165-000_0.tif,0.3076171
Tile_001-166-000_0.tif,0.3076171
Tile_001-167-000_0.tif,0.3076171
Tile_001-168-000_0.tif,0.3076171
Tile_001-169-000_0.tif,0.3076171
Tile_001-170-000_0.tif,0.3076171
Tile_001-171-000_0.tif,0.3076171
Tile_001-172-000_0.tif,0.3076171
Tile_001-173-000_0.tif,0.28564445
Tile_001-174-000_0.tif,0.3076171
Tile_001-175-000_0.tif,0.3076171
Tile_001-176-000_0.tif,0.3076171
Tile_001-177-000_0.tif,0.3076171
Tile_001-178-000_0.tif,0.3076171
Tile_001-179-000_0.tif,0.3076171
Tile_001-180-000_0.tif,0.3076171
Tile_001-181-000_0.tif,0.3076171
Tile_001-182-000_0.tif,0.3076171
Tile_001-183-000_0.tif,0.32958975
Tile_001-184-000_0.tif,0.32958975
Tile_001-185-000_0.tif,0.32958975
Tile_001-186-000_0.tif,0.32958975
Tile_001-187-000_0.tif,0.32958975
Tile_001-188-000_0.tif,0.32958975
Tile_001-189-000_0.tif,0.32958975
Tile_001-190-000_0.tif,0.32958975
Tile_001-191-000_0.tif,0.32958975
Tile_001-192-000_0.tif,0.32958975
Tile_001-193-000_0.tif,0.32958975
Tile_001-194-000_0.tif,0.3076171
Tile_001-195-000_0.tif,0.3076171
Tile_001-196-000_0.tif,0.3076171
Tile_001-197-000_0.tif,0.3076171
Tile_001-198-000_0.tif,0.28564445
Tile_001-199-000_0.tif,0.3076171
Tile_001-200-000_0.tif,0.3076171
Tile_001-201-000_0.tif,0.3076171
Tile_001-202-000_0.tif,0.28564445
Tile_001-203-000_0.tif,0.28564445
Tile_001-204-000_0.tif,0.28564445
Tile_001-205-000_0.tif,0.28564445
Tile_001-206-000_0.tif,0.28564445
Tile_001-207-000_0.tif,0.28564445
Tile_001-208-000_0.tif,0.28564445
Tile_001-209-000_0.tif,0.28564445
Tile_001-210-000_0.tif,0.28564445
Tile_001-211-000_0.tif,0.28564445
Tile_001-212-000_0.tif,0.28564445
Tile_001-213-000_0.tif,0.28564445
Tile_001-214-000_0.tif,0.28564445
Tile_001-215-000_0.tif,0.28564445
Tile_001-216-000_0.tif,0.28564445
Tile_001-217-000_0.tif,0.28564445
Tile_001-218-000_0.tif,0.28564445
Tile_001-219-000_0.tif,0.28564445
Tile_001-220-000_0.tif,0.28564445
Tile_001-221-000_0.tif,0.28564445
Tile_001-222-000_0.tif,0.28564445
Tile_001-223-000_0.tif,0.28564445
Tile_001-224-000_0.tif,0.28564445
Tile_001-225-000_0.tif,0.28564445
Tile_001-226-000_0.tif,0.28564445
Tile_001-227-000_0.tif,0.28564445
Tile_001-228-000_0.tif,0.28564445
Tile_001-229-000_0.tif,0.28564445
Tile_001-230-000_0.tif,0.28564445
Tile_001-231-000_0.tif,0.3076171
Tile_001-232-000_0.tif,0.3076171
Tile_001-233-000_0.tif,0.28564445
Tile_001-234-000_0.tif,0.3076171
Tile_001-235-000_0.tif,0.28564445
Tile_001-236-000_0.tif,0.3076171
Tile_001-237-000_0.tif,0.28564445
Tile_001-238-000_0.tif,0.28564445
Tile_001-239-000_0.tif,0.28564445
Tile_001-240-000_0.tif,0.28564445
Tile_001-241-000_0.tif,0.3076171
Tile_001-242-000_0.tif,0.28564445
Tile_001-243-000_0.tif,0.28564445
Tile_001-244-000_0.tif,0.3076171
Tile_001-245-000_0.tif,0.28564445
Tile_001-246-000_0.tif,0.28564445
Tile_001-247-000_0.tif,0.28564445
Tile_001-248-000_0.tif,0.28564445
Tile_001-249-000_0.tif,0.28564445
Tile_001-250-000_0.tif,0.28564445
Tile_001-251-000_0.tif,0.28564445
Tile_001-252-000_0.tif,0.28564445
Tile_001-253-000_0.tif,0.28564445
Tile_001-254-000_0.tif,0.28564445
Tile_001-255-000_0.tif,0.28564445
Tile_001-256-000_0.tif,0.28564445
Tile_001-257-000_0.tif,0.3076171
Tile_001-258-000_0.tif,0.3076171
Tile_001-259-000_0.tif,0.3076171
Tile_001-260-000_0.tif,0.3076171
Tile_001-261-000_0.tif,0.3076171
Tile_001-262-000_0.tif,0.3076171
Tile_001-263-000_0.tif,0.28564445
Tile_001-264-000_0.tif,0.28564445
Tile_001-265-000_0.tif,0.28564445
Tile_001-266-000_0.tif,0.28564445
Tile_001-267-000_0.tif,0.28564445
Tile_001-268-000_0.tif,0.28564445
Tile_001-269-000_0.tif,0.28564445
Tile_001-270-000_0.tif,0.28564445
Tile_001-271-000_0.tif,0.3076171
Tile_001-272-000_0.tif,0.28564445
Tile_001-273-000_0.tif,0.3076171
Tile_001-274-000_0.tif,0.28564445
Tile_001-275-000_0.tif,0.28564445
Tile_001-276-000_0.tif,0.28564445
Tile_001-277-000_0.tif,0.28564445
Tile_001-278-000_0.tif,0.28564445
Tile_001-279-000_0.tif,0.28564445
Tile_001-280-000_0.tif,0.28564445
Tile_001-281-000_0.tif,0.3076171
Tile_001-282-000_0.tif,0.3076171
Tile_001-283-000_0.tif,0.28564445
Tile_001-284-000_0.tif,0.28564445
Tile_001-285-000_0.tif,0.28564445
Tile_001-286-000_0.tif,0.28564445
Tile_001-287-000_0.tif,0.28564445
Tile_001-288-000_0.tif,0.3076171
Tile_001-289-000_0.tif,0.3076171
Tile_001-290-000_0.tif,0.28564445
Tile_001-291-000_0.tif,0.3076171
Tile_001-292-000_0.tif,0.3076171
Tile_001-293-000_0.tif,0.3076171
Tile_001-294-000_0.tif,0.3076171
Tile_001-295-000_0.tif,0.3076171
Tile_001-296-000_0.tif,0.3076171
Tile_001-297-000_0.tif,0.3076171
Tile_001-298-000_0.tif,0.3076171
Tile_001-299-000_0.tif,0.3076171
Tile_001-300-000_0.tif,0.3076171
